Id,MSSubClass,MSZoning,LotFrontage,LotArea,Neighborhood,OverallQual,YearBuilt,GrLivArea,FullBath,BedroomAbvGr,KitchenQual,GarageCars,GarageArea,SalePrice
1,60,RL,65.0,8450,CollgCr,7,2003,1710,2,3,Gd,2,548,208500
2,20,RL,80.0,9600,Veenker,6,1976,1262,2,3,TA,2,460,181500
3,60,RL,68.0,11250,CollgCr,7,2001,1786,2,3,Gd,2,608,223500
4,70,RL,60.0,9550,Crawfor,7,1915,1717,1,3,Gd,3,642,140000
5,60,RL,84.0,14260,NoRidge,8,2000,2198,2,4,Gd,3,836,250000
6,50,RL,85.0,14115,Mitchel,5,1993,1362,1,1,TA,2,480,143000
7,20,RL,75.0,10084,Somerst,8,2004,1694,2,3,Gd,2,636,307000
8,60,RL,,10382,NWAmes,7,1973,2090,2,3,TA,2,484,200000
9,50,RM,51.0,6120,OldTown,7,1931,1774,2,2,TA,2,468,129900
10,190,RL,50.0,7420,BrkSide,5,1939,1077,1,2,TA,1,205,118000
11,20,RL,70.0,11200,Sawyer,5,1965,1040,1,3,TA,1,384,129500
12,60,RL,85.0,11924,NridgHt,9,2005,2324,3,4,Ex,3,736,345000
13,20,RL,,12968,Sawyer,5,1962,912,1,2,TA,1,352,144000
14,20,RL,91.0,10652,CollgCr,7,2006,1494,2,3,Gd,3,840,279500
15,20,RL,,10920,NAmes,6,1960,1253,1,2,TA,1,352,157000
16,45,RM,51.0,6120,BrkSide,7,1929,854,1,2,TA,2,576,132000
17,20,RL,,11241,NAmes,6,1970,1004,1,2,TA,2,480,149000
18,90,RL,72.0,10791,Sawyer,4,1967,1296,2,2,TA,2,516,90000
19,20,RL,66.0,13695,SawyerW,5,2004,1114,1,3,Gd,2,576,159000
20,20,RL,70.0,7560,NAmes,5,1958,1339,1,3,TA,1,294,139000
21,60,RL,101.0,14215,NridgHt,8,2005,2376,3,4,Gd,3,853,325300
22,45,RM,57.0,7449,IDOTRR,7,1930,1108,1,3,Gd,1,280,139400
23,20,RL,75.0,9742,CollgCr,8,2002,1795,2,3,Gd,2,534,230000
24,120,RM,44.0,4224,MeadowV,5,1976,1060,1,3,TA,2,572,129900
25,20,RL,,8246,Sawyer,5,1968,1060,1,3,Gd,1,270,154000
26,20,RL,110.0,14230,NridgHt,8,2007,1600,2,3,Gd,3,890,256300
27,20,RL,60.0,7200,NAmes,5,1951,900,1,3,Gd,2,576,134800
28,20,RL,98.0,11478,NridgHt,8,2007,1704,2,3,Gd,3,772,306000
29,20,RL,47.0,16321,NAmes,5,1957,1600,1,2,TA,1,319,207500
30,30,RM,60.0,6324,BrkSide,4,1927,520,1,1,Fa,1,240,68500
31,70,C (all),50.0,8500,IDOTRR,4,1920,1317,1,3,TA,1,250,40000
32,20,RL,,8544,Sawyer,5,1966,1228,1,3,Gd,1,271,149350
33,20,RL,85.0,11049,CollgCr,8,2007,1234,2,3,Gd,2,484,179900
34,20,RL,70.0,10552,NAmes,5,1959,1700,1,4,Gd,2,447,165500
35,120,RL,60.0,7313,NridgHt,9,2005,1561,2,2,Ex,2,556,277500
36,60,RL,108.0,13418,NridgHt,8,2004,2452,3,4,Gd,3,691,309000
37,20,RL,112.0,10859,CollgCr,5,1994,1097,1,3,TA,2,672,145000
38,20,RL,74.0,8532,NAmes,5,1954,1297,1,3,TA,2,498,153000
39,20,RL,68.0,7922,NAmes,5,1953,1057,1,3,Gd,1,246,109000
40,90,RL,65.0,6040,Edwards,4,1955,1152,2,2,Fa,0,0,82000
41,20,RL,84.0,8658,NAmes,6,1965,1324,2,3,TA,2,440,160000
42,20,RL,115.0,16905,Timber,5,1959,1328,1,2,TA,1,308,170000
43,85,RL,,9180,SawyerW,5,1983,884,1,2,Gd,2,504,144000
44,20,RL,,9200,CollgCr,5,1975,938,1,3,TA,1,308,130250
45,20,RL,70.0,7945,NAmes,5,1959,1150,1,3,TA,1,300,141000
46,120,RL,61.0,7658,NridgHt,9,2005,1752,2,2,Ex,2,576,319900
47,50,RL,48.0,12822,Mitchel,7,2003,2149,1,1,Gd,2,670,239686
48,20,FV,84.0,11096,Somerst,8,2006,1656,2,3,Gd,3,826,249700
49,190,RM,33.0,4456,OldTown,4,1920,1452,2,2,TA,0,0,113000
50,20,RL,66.0,7742,Sawyer,5,1966,955,1,3,TA,1,386,127000
51,60,RL,,13869,Gilbert,6,1997,1470,2,3,TA,2,388,177000
52,50,RM,52.0,6240,BrkSide,6,1934,1176,1,3,TA,2,528,114500
53,90,RM,110.0,8472,IDOTRR,5,1963,816,1,2,TA,2,516,110000
54,20,RL,68.0,50271,Veenker,9,1981,1842,0,0,Gd,3,894,385000
55,80,RL,60.0,7134,NAmes,5,1955,1360,1,3,TA,2,572,130000
56,20,RL,100.0,10175,NAmes,6,1964,1425,2,3,TA,2,576,180500
57,160,FV,24.0,2645,Somerst,8,1999,1739,2,3,Gd,2,480,172500
58,60,RL,89.0,11645,CollgCr,7,2004,1720,2,3,Gd,2,565,196500
59,60,RL,66.0,13682,StoneBr,10,2006,2945,3,3,Gd,3,641,438780
60,20,RL,60.0,7200,CollgCr,5,1972,780,1,2,TA,1,352,124900
